Month,temp_max_daily,temp_min_daily,temp_max_extreme,temp_min_extreme,rainfall_total,rainfall_max_daily,rainy_days,sunshine_mean_daily,humidity_min,humidity_mean_24hr
2024-08-01,31.9,26.2,33.6,23.8,85.8,32.4,17,5.2,50,77.1
2024-07-01,32.3,27.1,33.7,23.4,36.8,11.2,9,6.8,49,72.7
2024-06-01,31.9,25.9,34.1,22.6,245.4,80.2,18,4.8,48,76.6
2024-05-01,32.4,26.5,34.1,24.4,226.4,85.4,23,4.9,44,77.7
2024-04-01,33.3,26.7,35.8,24.2,204.8,79.2,15,6.3,43,75.6
2024-03-01,33.2,26.1,35.2,22.5,161.2,49.8,9,7.1,40,74.2
2024-02-01,32.2,25.8,33.4,24.3,60.2,16.2,10,7.9,47,75.8
2024-01-01,30.4,24.6,32.9,23.2,499.6,80.6,21,4.3,53,83.7
2023-12-01,31.1,25.1,32.8,23.4,256.2,57.6,23,3.6,52,82.7
2023-11-01,32.5,25.5,34.6,23.9,219,71.4,19,4.6,41,79.1
2023-10-01,33.3,26.2,34.6,24.2,96.6,38.4,10,7.2,37,73.5
2023-09-01,32.3,26.3,33.8,23.3,133,47.8,10,5.7,42,73.6
2023-08-01,31.9,26.2,33.2,23.7,114,24.4,12,6.6,48,74.6
2023-07-01,31.7,26.5,33.6,22.8,158,51.4,14,5.8,42,75.1
2023-06-01,32.1,26.1,33.5,23.5,228.4,51.6,15,6.3,41,75.1
2023-05-01,32.9,26.7,35,23.4,112.8,34.6,11,6.6,43,73.7
2023-04-01,32.6,25.8,34.3,23,222.8,85.8,19,5.8,45,77.4
2023-03-01,30.9,24.6,33.6,21.8,243.4,90.2,12,6,52,79.2
2023-02-01,31,24.5,32,21.7,324.4,154.8,13,5.1,50,79.4
2023-01-01,30.1,24.5,34.2,22.4,302.6,72,22,4.4,43,81.9
2022-12-01,30.3,24.5,32.7,23.1,215.4,37,19,3.6,52,81.2
2022-11-01,31.4,24.4,33.9,22.4,313.8,53,26,3.8,46,79.9
2022-10-01,31.5,24.7,34.6,23.1,279,38.8,27,3.5,47,78.7
2022-09-01,31.1,25.4,32.6,22.4,121,38.2,14,3.8,52,76.9
2022-08-01,31.2,25.8,33.2,23.7,141.4,32.4,15,5.5,50,77.4
2022-07-01,31.7,25.8,32.9,22.2,145.2,27.8,16,6.2,53,76.8
2022-06-01,31.1,25.3,33.6,22.9,211.8,59.4,17,4.7,54,79.1
2022-05-01,32.9,26.2,35.4,23.5,102,44.6,12,6.7,41,76.5
2022-04-01,32.1,25.1,34,23.1,239.6,58.8,18,5.2,51,80
2022-03-01,32.7,25.1,34.2,23,163.2,36.2,21,6.4,48,79.2
2022-02-01,31.2,24.8,33.6,22.6,175,29.6,16,5.9,51,80.3
2022-01-01,31.6,24.9,33.1,23.2,99.8,50,9,8.3,49,77.4
2021-12-01,31.4,25.4,33.9,22.9,119.6,46.8,15,5.4,47,79.7
2021-11-01,31.8,24.8,33.9,22.8,312.4,47.8,23,4.9,41,81.7
2021-10-01,32.2,25.8,33.8,23.2,177,59.6,14,6.2,45,78.3
2021-09-01,31.7,25.6,33.3,22.5,205.4,63.4,14,6.4,45,77.3
2021-08-01,31,24.8,32.9,21.9,293.6,71.4,24,4.8,51,80.4
2021-07-01,31.8,26.2,33.4,23.2,195.8,75,12,6.8,48,76.5
2021-06-01,32.1,25.6,33.7,23.4,93.4,23.8,20,6.5,42,77.8
2021-05-01,32.1,26,33.6,22.9,245.8,49.8,13,6,49,79.3
2021-04-01,32.4,25.3,34.7,23.1,290.4,83.8,14,6.8,43,77.4
2021-03-01,32.8,25,34.2,23,182.4,38,14,7.3,42,76.6
2021-02-01,31.6,24.8,33.7,23.7,1,0.6,2,8.2,46,73.8
2021-01-01,29.1,23.8,31.6,21.7,692.8,210.6,17,4.2,55,82.6
2020-12-01,31.5,24.5,33.5,23,253.2,58.2,20,5.2,49,81.1
2020-11-01,31,25,33.4,23.3,220.6,64.2,19,4,49,81.7
2020-10-01,31.6,25.6,34.1,22.2,78.8,19,16,4.3,44,75.4
2020-09-01,31,24.9,33.2,21.9,150.2,32.8,18,4.8,48,79
2020-08-01,31.4,25.9,33,22.5,103.4,34.6,12,6.4,41,76.8
2020-07-01,31,25.5,32.5,23.7,140.8,30.4,22,5.7,53,78.2
2020-06-01,31,25.5,33,23.7,233.8,41,21,4.3,53,80.2
2020-05-01,32.2,26.1,34.5,23.6,255.6,53.8,16,5.7,50,79.1
2020-04-01,33,26,34.6,23.8,188,51.8,12,7.1,46,76.4
2020-03-01,32.9,25.9,34,24.1,108.8,47.4,8,7.6,44,75.2
2020-02-01,31.7,25.3,33.1,23.7,65,23.8,8,8.3,45,76
2020-01-01,31.7,25.2,32.8,23.8,88.4,38,6,7.1,43,77.9
2019-12-01,30.1,24.6,32.3,22.7,421.5,74.2,14,4.8,47,83.9
2019-11-01,32.3,25.4,34.4,22.9,137.4,73.4,15,5.5,45,79.2
2019-10-01,32.7,25.3,34.4,22.9,176.8,92.2,15,6.5,38,78.1
2019-09-01,33,26.6,34.3,22.9,22.8,16.4,4,6.7,37,73
2019-08-01,32.7,27.1,34,24.5,11.8,3.8,6,7.6,35,72.1
2019-07-01,32.1,26.9,33.4,23.9,12.2,6.6,8,7.5,45,75.2
2019-06-01,31.3,26.1,33,23.3,173.8,37.6,16,5.3,47,79.5
2019-05-01,32.7,26.5,34.7,22.8,69,17.2,13,7,52,79.2
2019-04-01,32.7,25.9,34.5,22.7,174.8,52.4,9,5.9,48,77.6
2019-03-01,33.5,25.6,34.8,22.3,72.2,29,6,8.3,40,72.3
2019-02-01,32.8,25.4,34.1,21.9,31.6,13.4,5,9.2,46,74.1
2019-01-01,31.7,25.6,33.4,23.5,63.6,38.2,9,7.1,47,75.6
2018-12-01,31.6,25.3,33.8,23.6,172.6,43.8,19,5.1,47,81.5
2018-11-01,31,24.6,33.4,22.4,169.6,20.6,27,3.8,53,83.2
2018-10-01,31.9,25.2,34.5,22.5,234.4,60.6,18,6.1,33,79.7
2018-09-01,31.2,25.3,33,21.4,144.4,45,13,6,48,77.1
2018-08-01,31.7,26.1,33.2,21.9,121.6,34.6,11,6.7,39,77
2018-07-01,31.3,26,33,21.9,143.2,32.4,10,6.1,50,77.7
2018-06-01,31.3,25.6,33.4,22.9,182.6,46.8,17,4.1,51,79.3
2018-05-01,32.4,26.2,34.2,23.6,132.2,47.4,19,5.8,43,79
2018-04-01,33.2,25.8,35,22.6,61.2,14,14,6.8,39,78.5
2018-03-01,32.4,25.4,34.2,23.6,44.6,15.2,10,6.4,49,78.4
2018-02-01,31.2,24.8,33.5,23.5,14.8,13,5,8,49,77.2
2018-01-01,29.8,24,33.2,21.3,287,45.8,25,4.1,44,86.6
2017-12-01,30.8,24.6,33.5,23.2,371.2,69.8,23,5.6,51,85.2
2017-11-01,30.8,24.6,32.5,23.1,268.6,45.2,24,4.2,60,86.3
2017-10-01,31.6,25.3,34.6,23.5,120.8,31.2,18,5.5,45,82.5
2017-09-01,31.2,25.4,32.4,22.3,124.4,20.2,19,5.7,55,81
2017-08-01,31,25.9,33,23.7,84.2,29.4,18,6.1,54,79.9
2017-07-01,31,26,32.4,23.5,79.6,30.2,9,7,57,79.6
2017-06-01,31.6,25.9,33,22.2,106,29.6,10,6.3,51,80.2
2017-05-01,31.4,25.9,32.8,23.6,190,44.8,15,5.9,57,82.8
2017-04-01,31.8,25,34.4,22.8,208.6,42.8,21,5.3,50,83.5
2017-03-01,31.1,24.9,33.3,22.9,136.2,30.2,11,6.1,52,82.5
2017-02-01,30.7,24.7,32.4,22.6,158.4,31,15,7.1,59,83.2
2017-01-01,30.7,24.7,33.7,21.8,197.6,60.6,21,4.8,44,84.8
2016-12-01,31.6,24.7,33.6,23,292.6,73,23,5.1,34,72.8
2016-11-01,30.7,24.9,32.6,22.7,290.2,65.6,20,3.5,46,77.6
2016-10-01,32.1,25.2,34.6,21.6,181,75.4,16,4.6,38,72
2016-09-01,32,25.1,34.4,22.6,118.9,34,15,5.5,33,73.9
2016-08-01,31.8,26.2,33.8,22.1,139.2,30.6,15,6.7,41,74
2016-07-01,31.7,25.8,33.4,22.5,168.6,59.4,20,6.3,48,77.3
2016-06-01,31.6,26.1,33.4,22.5,162.8,67.8,13,5.4,45,77.7
2016-05-01,33,26.5,34.6,23.9,193.8,54.8,12,6.2,48,77.4
2016-04-01,33.4,26.7,35,25.3,89.8,18.2,14,7,46,75.6
2016-03-01,33.1,26.6,34.1,25.4,6.2,2.4,6,8,47,74.7
2016-02-01,31.1,25.6,32.7,23.3,186,71.8,10,6.5,55,78.8
2016-01-01,31.8,26,32.8,22.9,126.6,39.6,15,7.2,55,79.6
2015-12-01,31.5,25,33.1,22.5,302,40.4,19,5.3,49,81.1
2015-11-01,32.1,25.5,33.6,23.7,72.6,25.8,13,4.8,47,79.1
2015-10-01,32.2,26.1,33.6,21.9,87.2,28.6,9,4.7,35,75.4
2015-09-01,31.7,26.5,33.2,23.1,61.6,18.4,8,4.3,40,75
2015-08-01,31.2,26,33.1,22.6,185.8,63.2,11,6.1,40,76.7
2015-07-01,31.9,26.7,32.7,22.1,116.8,45.8,13,7.1,51,74.9
2015-06-01,32,26.6,34.3,24.2,95.8,28.4,10,6.7,42,75.8
2015-05-01,32.2,26.4,34.2,24,89,22.2,12,5.8,46,78.9
2015-04-01,33.2,25.9,34.4,24,73.2,18.8,13,7.2,48,77.1
2015-03-01,32.5,25.5,34.4,23.4,84.4,46,5,7.3,47,75.8
2015-02-01,31.3,24.4,33.6,23.1,18.8,10.8,6,7.3,49,75.4
2015-01-01,30.7,24.6,32.4,23.3,79.6,33.6,6,7.4,49,77.6
2014-12-01,30.6,24.7,33.6,22.4,245.6,48.2,17,3.7,51,82.6
2014-11-01,31.6,24.8,33.4,22.2,250.8,64.4,23,5.4,53,82.4
2014-10-01,32.1,25.7,34.1,24,120,32.8,10,6,40,77
2014-09-01,31.8,25.7,33.2,22.4,83.6,34.6,9,7,37,75.6
2014-08-01,30.4,25.2,31.9,22,241,44.2,20,4.5,53,79.7
2014-07-01,31.6,25.8,33.2,21.1,148.6,29,15,5.5,53,78.3
2014-06-01,32.1,26.3,33.6,23,71.4,18.8,11,6,45,77.5
2014-05-01,32.1,25.8,33.8,23,125.8,22.4,18,5.8,48,80.2
2014-04-01,32.4,25.5,34.5,22.8,110,28.8,17,5.7,44,80
2014-03-01,32.8,25.1,34.4,23.6,66,52.6,6,8,38,76
2014-02-01,31.9,24.5,33.8,22.4,0.2,0.2,1,8.8,43,74.5
2014-01-01,29.6,24,31.8,22.4,75.4,31.2,5,5.3,49,78.5
2013-12-01,30.2,24.1,33.7,21.2,348.2,119.8,21,3.5,45,85.8
2013-11-01,31.3,24.5,32.9,22.9,292.4,44,22,4.5,51,84.6
2013-10-01,31.4,24.6,33.2,20.9,285.4,139.8,19,6.3,42,79.9
2013-09-01,30.6,24.8,32.9,21.9,257,52.6,19,4.6,48,81.3
2013-08-01,31,25.1,32.8,21.6,165.6,43.2,15,6.1,50,79
2013-07-01,31.1,25.2,33.5,22.9,174.6,37.4,15,5.7,43,79.9
2013-06-01,32.6,25.9,34.5,22.6,111.4,22.4,12,6.4,36,74.6
2013-05-01,31.8,25.6,33.9,22.9,211.4,46.2,17,5.4,45,83.1
2013-04-01,32.1,25.3,34.9,22.1,159.4,41.6,19,5.2,46,82.7
2013-03-01,32.4,25.6,33.8,23.9,85.8,29.6,10,7.5,48,80.4
2013-02-01,30.1,24.3,32.5,21.5,395.2,95.2,22,4,54,86.9
2013-01-01,30.8,24.6,35.2,21.6,262,73,15,6,42,82.1
2012-12-01,30.6,24.4,32.2,22.2,363.4,78.8,22,3.6,61,87
2012-11-01,31.4,24.7,32.8,23.4,208.2,49.2,22,4.4,51,85.4
2012-10-01,31.7,25.2,33.1,23.5,122.2,22.6,13,5.9,51,81.3
2012-09-01,31.3,25.3,32.7,22.5,107.6,35.8,10,5.6,49,79.7
2012-08-01,31,25.4,32.7,23.1,119,31,12,6.1,54,79.8
2012-07-01,30.8,25.3,32.1,22.9,130.8,35.4,17,6.2,48,81.1
2012-06-01,31.6,26.3,32.7,22.8,53,38.2,8,6,49,79
2012-05-01,31.7,24.8,33.7,22,292,79.2,19,5.6,52,83.1
2012-04-01,31.4,24.8,32.9,21.9,260.6,48.4,20,5.8,54,85.1
2012-03-01,31.1,24.4,33.2,21.1,313.4,92.3,21,4.2,58,87.3
2012-02-01,31.1,24.8,32.9,22.7,83.6,38.4,11,7,55,85.6
2012-01-01,30.6,24.3,32.5,21.5,106.1,26.2,16,6,59,87.3
2011-12-01,29.9,24.5,32.3,22.8,284.6,87.4,21,3.3,57,88.4
2011-11-01,31.1,24.6,32.5,22.8,377.8,78.6,24,4.7,55,87.8
2011-10-01,31.9,24.1,32.5,22.5,216.8,54,20,5.3,55,87.4
2011-09-01,30.9,25.1,32.4,21.5,136.4,40.4,14,5.1,51,82.7
2011-08-01,31,25.6,32.5,23.3,81.4,30.2,13,6.1,52,82.6
2011-07-01,31.9,25.5,32.9,22.2,76.6,30,7,7.8,59,81.3
2011-06-01,31.3,25.2,33.1,22.2,213,82,15,5,56,83.7
2011-05-01,32.4,25.2,35.3,23.4,127,34.2,15,5.9,46,85.3
2011-04-01,31.9,24.6,33.1,21.4,217.8,61.8,12,7.2,55,83.9
2011-03-01,31.3,23.9,33.5,21.9,256.6,54,22,4.6,47,85.5
2011-02-01,31.7,24.1,33.5,23.2,23,17.4,8,7.5,41,81.1
2011-01-01,29.7,23.5,32.4,21.6,513.2,216.2,17,4.5,57,85.8
2010-12-01,30.8,23.9,33.6,22.3,181.4,85.8,14,3.6,54,85.3
2010-11-01,31.6,24.2,33.1,21.7,278.8,41.6,21,5,52,85.9
2010-10-01,31.7,25.1,34.1,22.6,166.2,58.1,17,4.2,43,82.3
2010-09-01,31.8,24.9,33.2,22.6,121.5,28,13,5.7,50,82.5
2010-08-01,31.2,24.6,33.1,22,158.4,60.2,16,5.4,50,84.2
2010-07-01,30.9,24.6,33.4,22.4,298.5,121.1,18,4.6,48,84.8
2010-06-01,31.4,25.2,33.5,23,240.5,43,19,5.1,55,83.9
2010-05-01,33.2,25.9,35.2,22.9,157.5,90.5,17,6.5,50,82.2
2010-04-01,32.8,25,34.5,22.5,158.5,40,18,6.2,55,84.1
2010-03-01,33.1,25.1,35.5,22.8,238,57.6,11,6.1,46,79.9
2010-02-01,33.5,25.5,35.2,23.8,6.3,2.9,4,8.8,47,77.3
2010-01-01,31.2,24.4,32.3,21.8,69.5,24.5,10,7.1,50,82.1
2009-12-01,30.7,24.6,32.6,23.2,189.8,42.6,18,4.8,61,86.3
2009-11-01,31.5,24.8,34.1,23.5,281.8,61.4,23,4.7,51,85.6
2009-10-01,32.1,25.2,33.9,23.4,133.4,38.4,15,5.4,49,82.8
2009-09-01,31.7,25.5,33,23.1,109.6,63,13,5.6,53,82
2009-08-01,31.7,25.6,33.5,22.6,177.8,35.5,12,6.5,51,80.7
2009-07-01,31.7,25.3,33.1,22.1,161,24.4,16,6.2,56,80.8
2009-06-01,32.6,26.2,33.7,24,21.8,5.8,8,6.7,53,79.8
2009-05-01,32.2,25.3,33.6,21.8,198.6,41.3,17,6.6,52,83
2009-04-01,32.3,25.4,34.7,22.9,183.7,86.6,12,6.2,48,82.2
2009-03-01,31.4,24.1,33.2,22.3,223.3,56.3,19,5.5,54,85.4
2009-02-01,32.3,24.3,35,23.1,201.8,74.2,8,6.5,42,80.7
2009-01-01,30.7,24.2,32.6,23.2,38.3,36,5,6.6,50,79.1
2008-12-01,30.4,24.3,32.6,22.1,244.2,52,17,4.7,52,83.7
2008-11-01,31.2,24.5,33,22.5,324.3,63.3,16,4,58,85.9
2008-10-01,31.4,25,33.3,23.1,159.5,41.6,19,4.5,58,84.9
2008-09-01,31.1,24.6,32.9,22.1,164.4,43.5,18,5.1,52,82.7
2008-08-01,30.9,24.7,32.4,22.6,327.3,133.9,18,5.5,55,83.8
2008-07-01,30.8,25.1,32.7,23.2,89.1,23.5,15,4.9,52,81.3
2008-06-01,31.4,25.3,32.9,22,118.3,45.2,12,5.6,54,81.5
2008-05-01,32.2,26,34.1,22.1,124.9,42.3,10,6.6,47,79.1
2008-04-01,31.9,25.1,33.3,23.4,87.2,34.2,12,6,56,82
2008-03-01,30.1,24,32.7,21.8,294.1,48.1,16,4.3,61,87.1
2008-02-01,30.9,24,33.4,22.4,129.2,48.5,8,5.5,49,82.9
2008-01-01,30.7,24.3,33.5,22.9,262.6,123.1,19,6.1,55,86
2007-12-01,30.1,24.1,31.8,22.1,468.6,159,21,4.5,49,86.8
2007-11-01,30.8,24,33.5,22.1,367.9,60.1,21,3.5,55,86.5
2007-10-01,31.6,24.9,33.7,22.6,237.2,51.8,16,5.6,49,83.2
2007-09-01,31,25,32.6,23,149,52.1,13,5.8,53,83.3
2007-08-01,30.9,25,32.5,22.9,190.7,55.9,20,5.7,58,82.9
2007-07-01,30.6,25.1,33,22.6,141.7,23,19,3.9,57,84.8
2007-06-01,32.1,25.4,34,21.8,139,38,12,6,50,82.8
2007-05-01,31.6,25.3,33.4,22.7,127.2,21.9,16,5.5,60,84.8
2007-04-01,32,25.2,33.7,22.2,240.2,102.4,14,5.9,50,84.7
2007-03-01,31.5,24.6,33.5,22.5,269.1,68.8,21,5.8,47,84.9
2007-02-01,31.5,24.5,33.3,23.3,105.5,51.4,3,7.6,51,82.5
2007-01-01,29.8,24.2,32.7,23.1,450.1,143.8,20,4.1,55,86.8
2006-12-01,30,24.3,32.7,22.4,765.9,198,22,3.2,54,88.5
2006-11-01,31.4,24.5,33.2,23.5,185.6,64,18,5.6,59,87.4
2006-10-01,32.2,25.4,33.6,23.5,102,37.8,8,4.8,44,80.9
2006-09-01,31.4,25.4,32.8,22.7,83.3,32.2,12,5.3,49,81
2006-08-01,31.5,25.5,33.1,22.1,127.3,30.4,14,6.7,52,81.9
2006-07-01,31.5,25.7,33.1,22.6,153.8,54.8,15,6.9,58,83.8
2006-06-01,31,25.1,32.7,23,236.8,37.3,16,5.5,59,86.3
2006-05-01,32,25.4,33.8,23.6,205.7,36.6,14,5,52,85.2
2006-04-01,32.1,24.8,34.1,23.4,239.8,43.3,18,5.3,53,87
2006-03-01,33.1,25.2,34.6,23.6,83.1,35.7,9,7.1,48,81.3
2006-02-01,31.5,24.8,33.3,23.3,115.5,44.5,8,7.4,58,84
2006-01-01,30,24.1,32,22.1,454.4,131.7,20,4.8,56,87.8
2005-12-01,31,24.6,33.5,22,166,47.3,19,4.5,55,85.6
2005-11-01,30.8,24.4,33.6,22.6,362.9,133.8,23,4.4,56,86.4
2005-10-01,31.3,24.7,33,23,314.5,76.2,19,5.1,57,85.2
2005-09-01,32,25.2,33.1,21.8,175.7,43.4,18,6.2,53,84.2
2005-08-01,31.5,25.5,33.6,22.5,58.5,13.8,13,6.5,54,82.9
2005-07-01,31.4,25.2,33.9,21.3,104,26.3,15,5.4,53,84
2005-06-01,32,26.1,33.9,23.6,82.3,27.6,15,5.4,50,82.7
2005-05-01,32.4,25.2,35.4,22.6,331.1,58.7,20,5.5,47,84.6
2005-04-01,33,25.7,35.1,23,81.7,49.6,10,7,42,81
2005-03-01,33.3,25.4,35,23,82.4,20.5,12,7.2,47,80.3
2005-02-01,33.4,25.3,34.7,23.5,8.4,7.2,3,9.1,45,77.7
2005-01-01,30.2,23.9,32.4,22.5,163.2,96.7,8,6.5,49,83.3
2004-12-01,30.1,24.5,32.7,23,139.8,36.4,14,4.9,58,85.2
2004-11-01,31.4,24.6,32.5,22.8,166.2,62.4,15,5.8,56,86.1
2004-10-01,31.6,25,34.2,23.2,125.6,25.3,13,5.1,43,83.9
2004-09-01,31.7,25,33.1,23.4,128.9,29.1,14,5.9,50,83.6
2004-08-01,31.7,25.4,33.5,22.1,185.2,111.5,8,7.3,47,80.3
2004-07-01,30.8,24.5,32.9,21.1,166.6,34.3,21,4.2,56,85.3
2004-06-01,32.4,26.1,33.7,22.5,127.2,68.1,8,6.4,49,79.8
2004-05-01,32.8,26.4,34.3,23.6,137.6,73.4,13,6,51,82.1
2004-04-01,33.3,26.1,35.1,24.4,57.1,18.1,9,7,46,82.3
2004-03-01,32.2,24.7,33.7,22.2,269.4,122.8,16,4.8,56,85.8
2004-02-01,32,24.7,34,22.6,31.9,19.2,4,7.7,51,80.5
2004-01-01,30.6,24.2,32,22,600.9,177.8,13,6.7,57,86.7
2003-12-01,29.9,24.3,32.2,22.3,273,92.1,17,3.9,60,87.2
2003-11-01,31,24.7,33,23,133.8,41.3,19,4.2,56,87.3
2003-10-01,31.1,24.5,33,22.6,351.4,56.6,21,5.1,54,84.9
2003-09-01,31.2,24.8,32.9,22.4,205.3,60,15,5,46,84.8
2003-08-01,31.8,25.5,33.1,23,193.6,64.4,13,6.1,48,83.1
2003-07-01,31.5,25.1,32.8,22,170.4,30.9,14,5.6,54,81.7
2003-06-01,32.7,26,34.3,22.4,50.3,23.2,12,7,36,78.5
2003-05-01,32.7,26.5,34.3,23.4,81.8,33,11,5.9,45,81.7
2003-04-01,32.1,25.3,33.7,23.4,159.9,42.9,20,5.1,48,86.7
2003-03-01,32.3,25.2,33.5,22.8,154.6,38.3,11,6.9,54,83.8
2003-02-01,30.8,24.4,32.6,22.8,172.9,82.2,13,5.8,55,85
2003-01-01,30.1,24.4,32.4,23.2,444.2,194.4,20,4.7,56,86.9
2002-12-01,31.3,24.7,33,23,255,38.6,24,4.8,56,88.7
2002-11-01,31.7,24.5,34,23.1,307.2,84,15,4.6,56,85.8
2002-10-01,33,25.7,34.6,24.1,10.8,3.2,7,6.2,42,79.8
2002-09-01,31.7,25.1,33.2,22,124.2,38.9,9,5.5,49,81.7
2002-08-01,31.9,25.6,33.6,22.4,54.2,17.8,14,6.7,50,79.2
2002-07-01,31.9,25.5,33,22.9,233.7,69.5,11,6.8,56,82.7
2002-06-01,32.1,26,33.3,23.7,83.1,45.8,12,6.3,56,82.1
2002-05-01,32.6,26.1,34.1,23.2,236.6,75.9,13,6.2,52,82.3
2002-04-01,33,25.6,34.3,23,116.5,39.4,13,6.6,50,82.3
2002-03-01,33,25.1,34.8,23.5,55.6,26.4,8,7.6,40,80.8
2002-02-01,31.3,24.5,32.5,22.1,50.8,41.7,2,7.4,53,80.9
2002-01-01,30.9,24.5,33.5,23.4,221.2,83.8,11,6.9,49,83.6
2001-12-01,30.7,24.1,33.2,22.2,609,211.1,20,4.5,55,86.8
2001-11-01,30.8,24.7,33.2,23.2,175.3,102.6,15,3.7,54,84.9
2001-10-01,31.4,24.7,34,22.6,252.2,77.2,20,4.2,47,83.7
2001-09-01,31.6,25.2,33.1,22.8,162,74.3,13,6.2,54,82.3
2001-08-01,31.1,25.2,33.7,22.8,158.3,36.6,14,4.9,50,83.7
2001-07-01,32.2,25.5,33.7,23,111.3,44.8,9,8.1,50,80.8
2001-06-01,31.4,25.4,33.6,21.5,137.1,49.6,11,4.9,49,82.5
2001-05-01,32.2,25.7,33.5,22.4,164.9,56.1,12,6,57,85
2001-04-01,31.8,25.1,33.5,23.2,203.3,68.9,18,5.4,50,86
2001-03-01,31.8,24.2,33.7,22.7,297.3,41.1,20,5.4,50,84.5
2001-02-01,30.9,24.5,32.4,23,86.6,28.2,11,4.9,58,83.6
2001-01-01,30.3,24,32.8,22.7,425.8,125.4,21,4.4,49,87.4
2000-12-01,31,24.4,32.6,23,236,45.8,18,4.2,60,87.6
2000-11-01,31.3,24.7,34.2,22.9,385.7,72,21,3.7,47,87.1
2000-10-01,31.8,24.9,34.1,22.9,120.9,38.3,14,4,51,82.1
2000-09-01,32.1,25.2,34.3,23.5,81.1,25.7,12,6.2,48,82.2
2000-08-01,30.7,24.8,33.3,22.2,113.5,28.1,18,5.1,46,83.8
2000-07-01,31.6,25.3,33.1,22.1,116.1,34.6,12,6.5,56,82.6
2000-06-01,31.1,24.7,33.3,22.5,157.5,41.7,16,4.6,53,84.3
2000-05-01,32.7,25.7,34.2,22.6,96.8,36.7,10,6.8,49,82.4
2000-04-01,31.9,24.6,33.4,22.6,311.6,87.4,20,5.3,54,85.6
2000-03-01,31.9,24.3,34,20.2,238.3,37.9,15,5.8,44,85.8
2000-02-01,31,23.8,32.4,21.7,237.8,39.9,18,5.8,58,86.5
2000-01-01,29.8,23.9,31.8,22.8,275.2,127.6,14,4,60,86.9
1999-12-01,30.6,24.1,33,22.4,340.5,76.9,17,4.1,56,85.3
1999-11-01,31.3,24.5,33.4,22.9,241.5,39,19,4.7,47,84.4
1999-10-01,31.1,24.3,32.5,22.4,205,32.8,20,4.8,53,84.6
1999-09-01,31.9,24.9,33.9,22.1,125.9,41.5,13,6.5,50,81.7
1999-08-01,31,24.5,32.9,21.9,204,42.4,13,5.7,51,84.1
1999-07-01,31.2,24.7,32.9,21.6,225.4,51.4,11,6.8,56,82.7
1999-06-01,31.8,25.3,33.7,21.8,103.4,34.5,13,6,54,81.9
1999-05-01,31.7,25.3,34.2,23.7,157.1,42.8,13,5.7,52,84.4
1999-04-01,32.4,25.4,34.4,23,88.5,29.2,14,5.8,46,82.6
1999-03-01,31.5,24.4,33,22,181.4,52.4,16,4.3,56,87.5
1999-02-01,31.3,24.5,33,22,67.4,32.1,9,6.7,58,82.4
1999-01-01,30.4,24.3,32.8,22.6,193.9,52.5,19,3.9,60,88.3
1998-12-01,30.4,24.2,32.6,22.8,463.4,84.4,22,3.1,55,88.5
1998-11-01,31.7,24.9,34.1,23.4,107.2,57.5,11,4.6,49,81.9
1998-10-01,31.9,24.6,34.5,22.5,222.7,32.4,20,5,48,82.3
1998-09-01,31.1,24.9,33.1,22.7,258.2,52,17,4.5,47,84.1
1998-08-01,30.9,24.7,32.8,23.2,195,35.5,18,4.6,56,85.4
1998-07-01,31.5,24.9,33.6,22.7,259.2,55.8,18,5.1,51,81.8
1998-06-01,32.4,25.4,34.7,22.9,198.8,42.8,15,5.3,50,82.1
1998-05-01,33.1,26.3,34.8,24.5,370.8,83.7,18,5.9,53,82.3
1998-04-01,33.1,26.3,34.8,24.2,187.7,64.9,13,6.7,53,81.8
1998-03-01,34.1,26.3,36,24.4,58.8,20.9,7,7.6,47,77.8
1998-02-01,33.1,25.9,34.6,24.3,32.5,11.9,5,8.9,50,78.3
1998-01-01,31.8,25.3,33.6,23.5,268.8,79.7,13,7.4,53,83.2
1997-12-01,31.3,24.6,32.9,23,351.9,65.8,23,5.3,50,85.3
1997-11-01,32,24.8,33.7,23.5,158.3,53.6,13,5.4,50,82.8
1997-10-01,32.4,25.1,34.5,22.8,78.4,36.5,8,3.2,49,81
1997-09-01,32.2,26.3,33.8,24.1,31.1,24.3,3,3.2,43,77
1997-08-01,32.6,25.9,34,22,86.6,61.4,9,5.7,52,78.2
1997-07-01,32.4,26,34,23.6,18.6,5.4,9,6.5,47,76.5
1997-06-01,33.2,26,34.7,23.6,78.9,25,12,7.3,49,76.7
1997-05-01,33.6,26.3,35.1,24.7,41.6,35.6,6,6.8,49,77.7
1997-04-01,32.5,25,34.4,22.3,118.4,44.6,12,5.6,46,82.7
1997-03-01,32.8,24.9,34.2,23.7,34.3,17.4,10,7,44,79.6
1997-02-01,31.9,24.5,33.7,22.3,105.4,35.7,8,4.9,52,80.8
1997-01-01,31.5,24,33.3,23.1,15.4,13.9,3,7.7,48,77.3
1996-12-01,30.7,23.9,33,22.6,185.5,72.4,15,4.5,55,82.9
1996-11-01,31.5,24.6,33.6,22.4,180.2,60.5,16,4.4,43,83.5
1996-10-01,31.2,24.4,33.1,22.9,300,45.8,20,4.3,52,83
1996-09-01,31.1,24.6,33.2,22.3,297,66.5,18,4.8,52,82.2
1996-08-01,31.4,24.3,33.1,22.3,258.4,64.6,17,5,50,83.4
1996-07-01,31.5,25.4,33.3,22.1,162.3,55.3,10,6.8,52,81.9
1996-06-01,32,25.3,33.9,22.1,265.8,94.3,15,5.9,56,84.3
1996-05-01,32.4,25.2,33.3,22.9,107.5,18.6,15,7,55,83.7
1996-04-01,31.7,24.9,33.6,23.2,178.2,55.7,15,5.4,56,85.5
1996-03-01,32.4,24.5,34.4,22.2,129.7,61.8,8,7.7,50,81
1996-02-01,30.2,24,32,22.3,180.2,53,11,5.8,52,84.6
1996-01-01,30.1,23.4,32.5,22.1,173.2,39,10,5.2,54,84.2
1995-12-01,29.5,23.9,32.5,22.5,302.5,55.6,20,3.1,58,86.6
1995-11-01,31,24.1,33.3,22.5,372.8,198.6,20,3.7,51,86.8
1995-10-01,32.1,24.8,34.1,22.9,101.1,37.1,12,4.7,45,82.8
1995-09-01,32,25.1,33,22.6,29.5,5.7,7,5.8,51,81.6
1995-08-01,30.6,24.6,32.4,22.8,211.6,37.9,21,4.1,58,85.6
1995-07-01,31.2,25.2,33,22.8,173.6,52.3,13,5.2,58,82.6
1995-06-01,32.7,25.8,34,24.3,63.7,45,12,6.6,51,81.9
1995-05-01,32.3,25.6,34,23.2,84.4,32.8,11,6,54,83.7
1995-04-01,32,25,33.5,23.5,242.3,73.6,16,5.7,53,85.3
1995-03-01,31.8,24.6,33.2,23.1,67.7,31.1,10,5.9,54,83.9
1995-02-01,29.8,23.8,32.4,22.6,334,159.3,16,4.9,60,87.5
1995-01-01,30.6,24.1,32.8,21.8,349.4,108.3,21,5,59,86.2
1994-12-01,30.7,24.1,32.6,22,425.4,133.8,18,5.3,58,85.5
1994-11-01,30.5,24,32.5,22.4,322.2,178.3,21,4.5,58,88.4
1994-10-01,32.1,24.6,34.2,22.7,84.7,35.4,11,4.5,43,81.5
1994-09-01,31.9,25.5,34.1,22,23.7,11.3,6,3.8,37,78.7
1994-08-01,31.9,25.2,32.9,22.5,45.1,15.5,12,6.5,52,80
1994-07-01,31.6,25.7,32.7,20.5,53.8,17,6,7.6,53,78.9
1994-06-01,31.3,25.2,33.1,22.2,184.7,61.1,14,6,55,83.5
1994-05-01,31.1,25.1,32.6,22.6,169.6,45.1,16,5,52,84.8
1994-04-01,31.9,24.8,33.6,23.2,154,46.3,15,5.8,54,84.8
1994-03-01,30.5,24.2,32.2,22.9,288.2,64.2,19,3.5,55,87.1
1994-02-01,31.6,24,32.5,22.6,133.5,26.3,15,6.4,53,84.5
1994-01-01,30.9,24.1,32.4,23.1,56.9,17.5,7,6.2,50,82.1
1993-12-01,30.3,24,32.9,22.4,308.5,67.6,19,4.2,57,87.4
1993-11-01,30.9,24.2,32.5,22.7,250.8,61.3,18,4.7,57,87.4
1993-10-01,31.6,24.7,33.2,22.5,175.5,62.7,13,5.2,51,84.3
1993-09-01,31.7,24.9,33.2,22.7,61.7,42,7,5.9,45,81.4
1993-08-01,32.1,25.4,33.9,22,106.8,53.5,11,7.4,51,79.4
1993-07-01,31.1,25.2,32.8,22.5,240,46.4,15,5.2,52,83.2
1993-06-01,31.9,25.4,33.3,22.7,115.5,29.4,17,6.2,50,80.9
1993-05-01,31.9,25.4,34.2,22.5,129.9,37.2,10,6.1,46,82.9
1993-04-01,31.8,24.4,33.5,21.7,283.9,56.7,20,6.4,51,84.5
1993-03-01,30.7,24,32.2,22.3,250.5,56.9,14,5.4,56,86.3
1993-02-01,31.4,23.8,32.7,22.7,69.2,27,8,8.5,50,80.5
1993-01-01,29.9,23.8,31.6,21.9,176.4,37.2,11,5.5,58,85.7
1992-12-01,29.2,23.4,31.4,22.2,502.7,105.7,23,3.4,60,90.3
1992-11-01,30,23.7,32,22.5,474.3,120.6,18,3.7,59,87.7
1992-10-01,31.4,24.3,32.9,22.9,233.2,45.5,20,4.5,48,82
1992-09-01,31.5,24.5,34,22.9,83.6,17.5,13,5.1,45,82.9
1992-08-01,31.4,24.3,33.6,21.7,76.1,31,11,5.7,46,81.1
1992-07-01,30.9,24.2,33.5,22.1,290.8,97.3,19,4.7,55,83.8
1992-06-01,32,24.9,33.6,21.1,162.8,38.4,14,5.5,52,82.7
1992-05-01,32.5,25.1,34.1,23.5,63.1,13.7,13,5.7,53,83.3
1992-04-01,32.9,25.1,34.6,22.5,160.3,94.7,13,6.5,44,82.4
1992-03-01,33,25,34.7,22.9,67.6,35.1,6,7.4,54,80.6
1992-02-01,32.1,24.3,33.1,22.3,62.4,43.2,4,7.7,49,80.5
1992-01-01,30.7,23.8,31.8,22.1,83.9,56.2,9,6.6,55,82.4
1991-12-01,29.1,23.4,31.5,22.2,492.3,79.4,19,3,61,90.7
1991-11-01,30.6,23.6,32.6,22,205,75.2,19,3.5,53,86.5
1991-10-01,31.8,24.7,33.4,22.9,52,20.4,5,4.2,40,81.4
1991-09-01,31.3,24.7,32.5,23,123.1,53.6,12,4.1,58,83
1991-08-01,32.2,25.3,33.6,22.4,226.2,129.9,8,5.3,43,79.8
1991-07-01,32.1,25.7,34,23.1,37.3,10.7,8,6.7,44,78.7
1991-06-01,32.2,25.8,33.6,23.5,88.7,55.6,9,7.1,56,81
1991-05-01,31.5,25,33.2,22.6,256.4,44,23,5.1,57,86.6
1991-04-01,32.3,24.7,34.1,22.8,134.2,32.2,13,5.8,49,84.3
1991-03-01,32.4,24.7,34,22.5,92.4,48.6,10,7.1,50,79.9
1991-02-01,31.8,24.1,33.5,22.7,45.5,17.9,7,7,51,81.6
1991-01-01,30.9,24.2,33.1,22.7,123.9,36.2,13,5.6,50,84.1
1990-12-01,30.2,24.1,31.8,22.9,201.1,33.5,16,5.5,58,86
1990-11-01,31.3,24.6,34,22.4,180.4,46.9,17,4.6,49,83.5
1990-10-01,31.8,24.9,33.3,23.7,56.4,20.2,12,5.9,50,83.5
1990-09-01,31.3,24.2,33.3,21.2,204.5,44.5,17,5.1,39,83.2
1990-08-01,31.4,25.1,33.9,21.1,146.6,38.3,13,5.8,46,82.3
1990-07-01,31.4,24.6,33.5,22.6,124,44.5,12,5.9,53,82.7
1990-06-01,32.4,25.4,33.8,21.9,112.6,76.1,9,6.3,46,80.7
1990-05-01,32.8,25.6,34.6,23,180.1,153.7,11,6.5,45,81.1
1990-04-01,33.4,25.3,35,23.1,52.4,12,10,6.3,44,81.2
1990-03-01,33.3,25,34.7,21.4,94.2,48.6,4,8.3,39,77.6
1990-02-01,32.4,24.9,34,24,24.1,6.6,8,8.9,38,80.9
1990-01-01,30.3,23.7,32.1,22.4,147.4,73.9,13,5.3,52,83.8
1989-12-01,30.2,23.9,32,22.5,179.7,44.2,18,4.8,58,85.5
1989-11-01,31,24,32.8,22.6,508.4,148.6,20,5.5,56,86
1989-10-01,31.3,24.2,32.9,21.1,111,24.9,16,5.5,51,83.7
1989-09-01,30.8,24.1,32.7,21.3,247.3,102.2,14,5.5,50,84.4
1989-08-01,31,23.9,33.3,21.5,201,81.4,18,5.3,48,83.7
1989-07-01,31.6,24.9,32.7,22.2,157.6,33.3,12,6,53,82.6
1989-06-01,31.7,24.4,33.2,22.3,117.6,45.9,12,6,53,83.3
1989-05-01,31.5,24.5,33.3,21.2,194,38.2,12,5.2,55,86.6
1989-04-01,31.8,24,34.5,21.9,198.6,39,17,5.7,53,86.4
1989-03-01,31,23.9,32.5,22.6,305.9,63.5,21,4.5,60,87.6
1989-02-01,31.8,23.7,33.3,22.3,52.4,48.4,3,6.7,51,78.3
1989-01-01,30.9,23.9,32.8,22.6,189.7,53,10,5.8,55,84.1
1988-12-01,30.4,23.9,31.6,23,62.9,22,11,5.7,58,81.1
1988-11-01,30.3,23.7,32.8,22.1,401.4,111.9,23,3.7,58,86.8
1988-10-01,31.5,24.5,34.5,22.4,134.6,39.8,17,4.1,46,83.2
1988-09-01,31,24.5,33.3,21.7,440.4,187.3,14,4.8,51,84.5
1988-08-01,30.8,24.5,32.7,22.6,80.1,19,14,4.9,54,84.9
1988-07-01,31.2,24.6,33.8,21,305.4,75.6,15,6,57,84
1988-06-01,31.8,24.9,33.6,22.2,252.2,69.4,13,6.5,45,81.6
1988-05-01,32,25.8,34.2,23.3,229.6,76.7,14,5.6,53,82.7
1988-04-01,32.4,25.2,33.7,24.2,109.6,22.8,13,5.4,54,84.5
1988-03-01,31.3,24.8,34.7,22.5,186.8,70.1,15,5.2,45,85.3
1988-02-01,32,24.6,33.8,23.6,158.1,46.7,9,6.7,55,83.2
1988-01-01,30.8,24.5,33.1,23.2,237.5,69,15,5.9,57,84.3
1987-12-01,30.4,24.2,32.8,22.7,72.8,24.3,11,4.8,57,84.6
1987-11-01,31.7,24.3,33.3,22.9,347.6,77.7,17,4.5,54,84
1987-10-01,32.5,25.2,33.7,23.5,22.6,5.9,9,5.8,49,82.1
1987-09-01,31.7,24.6,33.6,21.2,129.9,44.5,11,5.4,51,82.5
1987-08-01,31.1,25,33.8,22.5,191.9,48.2,16,5.1,57,83.6
1987-07-01,31.6,25.4,33.7,22.5,80.9,21.6,11,6.7,55,81.3
1987-06-01,32.4,26,33.5,22,126.6,30.7,15,6.8,47,80.7
1987-05-01,31.7,25,33.2,22.4,270,81.4,16,5.6,59,84.6
1987-04-01,32.6,25.1,34.6,22.5,72.5,27.7,10,6.2,51,82.8
1987-03-01,32.1,24.8,33.3,23,132.5,40.9,12,6.9,50,83.2
1987-02-01,31.6,23.7,33,22.8,86.9,34.8,7,9.2,47,79
1987-01-01,28.8,23.4,31.4,22.1,568.6,127.4,16,4,56,86
1986-12-01,30.3,23.9,32,22.5,367.2,131.7,16,5.4,55,85.2
1986-11-01,30.9,24.1,32.8,22.8,256.7,40.5,21,4.5,53,84.1
1986-10-01,30.9,24.3,32.6,22.5,227.3,65.6,20,5,57,85
1986-09-01,30.6,23.6,32.4,21.2,396,97.6,22,4.7,54,84.4
1986-08-01,31.9,25.2,34.2,21.9,72.9,28.4,11,5.6,40,77.3
1986-07-01,31.5,27.9,33.2,21.9,109.7,23.5,12,6.2,48,79.9
1986-06-01,31.6,27.9,33.2,22.2,122.9,34.5,13,6.8,50,82.5
1986-05-01,31.8,25.4,33.4,22,145.1,51.3,13,6.2,48,81.8
1986-04-01,31.7,24.7,32.8,22.4,150,56.4,14,6.2,54,85.3
1986-03-01,30.5,24.1,32.7,22.6,353.4,71.1,17,6.2,55,86.6
1986-02-01,31.9,23.9,33.2,22.5,26.7,23,2,7.2,48,78.4
1986-01-01,29.3,23.4,31.4,21.5,308.2,95.6,13,3.9,55,83.9
1985-12-01,30.2,23.7,32.4,22.9,340.1,86.8,22,4.6,56,86.2
1985-11-01,31.1,23.8,33,22.5,179.4,38.2,21,4.1,54,85
1985-10-01,30.6,23.9,33.4,21.7,169,30.2,21,4.1,43,84.7
1985-09-01,30.9,24,32.5,22.1,110.7,22,18,5,48,83.1
1985-08-01,31.5,25.1,33,21.5,56.9,21.4,11,6.2,53,80.4
1985-07-01,30.8,23.9,33.3,21,131.8,32.2,17,5.3,50,83.1
1985-06-01,32.1,25.7,35,23.4,37,9.9,14,5.8,43,79.4
1985-05-01,31.8,25.2,33.6,23.5,70.1,36.2,12,5.7,55,83.4
1985-04-01,32.2,27.5,34.2,22.4,110.5,29.3,14,5.5,55,83.8
1985-03-01,31.8,24.2,33.3,23.1,88,23.8,13,5.6,56,83.9
1985-02-01,32.1,24.1,33.7,22.2,79.3,18.7,11,6.5,51,84
1985-01-01,31.2,23.6,33,22.2,111.1,35.5,7,8.7,49,81.5
1984-12-01,30,23.6,32.2,22,277.4,58.4,22,3.3,58,86.7
1984-11-01,31,24,32.7,22.8,127.7,35.4,17,4.3,58,86.3
1984-10-01,31.6,24.3,33.4,21.2,187.5,47.2,11,5.2,53,82.5
1984-09-01,30.9,23.7,32.4,21,186.7,46.5,17,4.9,49,83.9
1984-08-01,31.2,24.3,32.8,22.4,102.7,22.5,13,6,60,84.1
1984-07-01,30.7,24.7,33,22.5,127.2,49.2,12,5.7,55,83.7
1984-06-01,31.1,24.7,32.7,21.4,255,121.1,14,5.4,52,83.1
1984-05-01,31.3,24.5,32.9,21.9,186.5,46,12,6.4,54,84.1
1984-04-01,31.3,24.5,32.7,22.7,153.1,38.7,17,6.2,55,83.8
1984-03-01,30.8,23.8,32.8,22.1,361.3,119.4,19,5.3,56,85.4
1984-02-01,30,23.4,31.5,21.1,470.4,154.4,19,4.1,58,86
1984-01-01,29.5,22.9,31.7,21.2,251.2,62.3,18,4.1,55,85.8
